,precision,recall,f1-score,support
0,0.9838709677419355,1.0,0.991869918699187,122.0
1,1.0,0.9743589743589743,0.987012987012987,78.0
accuracy,0.99,0.99,0.99,0.99
macro avg,0.9919354838709677,0.9871794871794872,0.989441452856087,200.0
weighted avg,0.9901612903225806,0.99,0.9899757153415689,200.0
